SchoolCode,Phase,Type,School,AddressLine1,AddressLine2,AddressLine3,PostCode,X_REF,Y_REF,Telephone,Email,Website,Headteacher,Area,AgeRangeMinimum,AgeRangeMaximum,Nearest,Non Nearest,Priority 1A,Priority 1B,Priority 2,Priority 3,Priority 4,Priority 5,EHCP / Statement,LAC,Nearest Placed,Non Nearest Placed,Placed,SEN,Siblings,Notes
5400,Secondary,Academy,Abbey Grange Church of England,Butcher Hill,,Leeds,LS16 5EA,425647,437660,0113 275 7877,info@abbeygrangeacademy.co.uk,http://www.abbeygrangeschool.co.uk,Ms C Kitson,NW,11,18,,,,,,,,,,,,,,,,
3030,Primary,Community,Aberford Church of England Primary School,School Lane,Aberford,Leeds,LS25 3BU,443232,437054,0113 281 3302,office@aberfordceprimary.org.uk,http://www.aberford.leeds.sch.uk,Ms P Boulding,E,4,11,0.514,,1,,10,,5,,,,,,,,,
2416,Primary,Community,Adel Primary School,Tile Lane,Adel,Leeds,LS16 8DY,428005,439325,0113 230 1116,r.spinks@adelprimary.org.uk,http://www.adelprimary.org.uk,Mrs S Parkinson,NW,3,11,0.957,,1,,13,,16,,,,,,,,,
3902,Primary,Voluntary Aided,Adel St John the Baptist Church of England Primary School,Long Causeway,Adel,Leeds,LS16 8EX,427666,439696,0113 214 1040,info@adel-st-john.leeds.sch.uk,http://www.adel-st-john.leeds.sch.uk,Ms J Turner,NW,4,11,,,,,,,,,,,,,,,,
3909,Primary,Voluntary Aided,All Saints’ Church of England Primary School,Cross Aysgarth Mount,,Leeds,LS9 9AD,431762,433529,0113 214 3056,Headteacher@allsaints-pri.leeds.sch.uk ,http://www.allsaints-pri.leeds.sch.uk,Mr D Pattison,E,3,11,,,,,,,,,,,,,,,,
2507,Primary,Foundation,Allerton Bywater Primary School,Leeds Road,Allerton Bywater,Castleford,WF10 2DR,441632,428057,0113 336 8240,office@allertonbywater.leeds.sch.uk,http://www.allertonbywater.leeds.sch.uk,Mr R Cairns,E,3,11,,,,,,,,,,,,,,,,
3931,Primary,Community,Allerton Church of England Primary School,Lingfield Approach,,Leeds,LS17 7HL,429837,439357.2,0113 293 0699,denise.glazer@allertonceprimary.com,http://allertonceprimary.com,Mrs H Stott,NE,3,11,,,,,,,,,,,,,,,,
4040,Secondary,Community,Allerton Grange School,Talbot Avenue,,Leeds,LS17 6SF,431591,438408,0113 336 8585,agadmin@allertongrange.com,http://www.allertongrange.org,Mr R Whittaker,NE,11,18,,2.006,,,,,,,,,,,6,,92,
4032,Secondary,Community,Allerton High Business and Enterprise Specialist School,King Lane,,Leeds,LS17 7AG,429500,439471,0113 203 4770,info@allertonhigh.org.uk,http://www.allertonhigh.org.uk,Mrs E Silson,NE,11,18,1.072,1.073,,,,,,,,,69,36,,7,86,
2436,Primary,Community,Alwoodley Primary School,Cranmer Rise,,Leeds,LS17 5HX,429305,439464,0113 268 6104,jane.langley@alwoodley.net,http://www.alwoodleyprimary.net/,Miss J Langley,NE,3,11,0.583,,3,,25,,32,,,,,,,,,
2484,Primary,Community,Armley Primary School,Salisbury Terrace,,Leeds,LS12 2AY,427144,433927,0113 263 9216,cooper.jennifer@armleyprimary.org.uk,http://www.armley-pri.leeds.sch.uk,Ms C Burrill,W,3,11,0.286,0.472,1,,15,,12,2,,,,,,,,
2401,Primary,Community,Ashfield Primary School,Weston Lane,Otley,Leeds,LS21 2DF,419272,446259,0194 346 3341,info@ashfieldprimary.co.uk ,http://www.ashfieldprimary.co.uk,Ms S Parker,NW,3,11,,,,,,,,,,,,,,,,
2512,Primary,Community,Asquith Primary School,Horsfall Street,Morley,Leeds,LS27 9QY,425775,428846,0113 307 5550,hayley.walton@asquithprimary.org,http://www.asquithprimary.leeds.sch.uk/,Ms G Austerfield,S,3,11,,,,,,,,,,,,,,,,
2463,Primary,Foundation,Austhorpe Primary School,Austhorpe Lane,,Leeds,LS15 8TP,437213,433658,0113 264 0450,office@austhorpeprimary.org,http://www.austhorpe.leeds.sch.uk/,Ms C Robinson,E,4,11,0.553,0.734,1,,9,,14,6,,,,,,,,
2425,Primary,Community,Bankside Primary School,Shepherd Lane,,Leeds,LS8 5AW,431551,435482,0113 336 8383,school.office@banksideprimary.org,http://banksideprimary.org/,Ms S Rutty,NE,3,11,0.268,0.298,1,,52,,33,5,,,,,,,,
2385,Primary,Foundation,Bardsey Primary School,Woodacre Lane,Bardsey,Leeds,LS17 9DG,436392,443452,0193 757 2612,office@bardseyprimary.org.uk,http://www.bardseyprimary.org.uk/,Mrs S Clark,NE,4,11,1.216,1.413,1,,17,,11,1,,,,,,,,
3033,Primary,Community,Barwick in Elmet Church of England Primary School,Chapel Lane,Bawick-in-Elmet,Leeds,LS15 4HL,440257,437237,0113 281 2132,office@barwick-in-elmet.leeds.sch.uk,http://www.barwick-in-elmetschool.com,Mrs S A Sanderson,N,3,11,0.803,,,,12,,18,,,,,,,,,
2444,Primary,Foundation,Beechwood Primary School,Kentmere Avenue,,Leeds,LS14 6QB,435141,435924,0113 293 0250,office@beechwoodprimaryschool.co.uk,http://www.beechwoodprimaryschool.co.uk/,Mr S Hilton,E,3,11,0.498,0.512,,,20,,20,20,,,,,,,,
2407,Primary,Community,Beecroft Primary School,Eden Way,,Leeds,LS4 2TF,426699,435205,0113 214 4562,info@beecroft.leeds.sch.uk,http://www.beecroft.leeds.sch.uk/,Miss J A Turner,NW,3,11,0.804,,,,18,,27,,,,,,,,,
3913,Primary,Voluntary Aided,Beeston Hill St Luke’s Church of England Primary School,Beeston Road,,Leeds,LS11 8ND,429554,431876,0113 214 5217,hayley.chalders@bsl.leeds.sch.uk,http://www.bsl.sch.uk,Ms L Booth,S,3,11,,,,,,,,,,,,,,,,
2470,Primary,Foundation,Beeston Primary School,Town Street,,Leeds,LS11 8PN,428228,430736,0113 271 6978,office@beestonprimary.org,http://www.beestonprimaryschool.co.uk,Mr C Lees,S,3,11,0.355,0.791,1,,41,,9,39,,,,,,,,
4106,Secondary,Community,Benton Park School,Harrogate Road,Rawdon,Leeds,LS19 6LX,420896,440158,0113 250 2330,secretary@bentonpark.net,http://www.bentonpark.org.uk,Mr S Dixon & Ms D Martin,NW,11,18,,,,,,,,,,1,,,8,3,83,
2369,Primary,Community,Birchfield Primary School,Birchfield Avenue,Gildersome,Leeds,LS27 7HU,424120,428882,0113 253 3009,s.wharton@birchfieldprimary.org.uk,http://www.birchfieldprimary.org.uk,Mr P Turner,S,3,11,0.393,0.706,,,11,,7,12,,,,,,,,
3918,Primary,Community,Blackgates Primary School,Smithy Lane,Tingley,Wakefield,WF3 1QQ,428742,425957,0113 8878155,info@blackgates.org.uk,http://www.blackgates-pri.leeds.sch.uk,Mrs E Kay-Devanney,S,3,11,,,,,,,,,,,,,,,,
2408,Primary,Foundation,Blenheim Primary School,Lofthouse Place,,Leeds,LS2 9EX,429900,434622,0113 293 0808,office@blenheimprimaryschool.com,http://www.blenheimprimaryschool.com,Mrs M Duffy,NW,3,11,0.453,0.531,,,31,,7,22,,,,,,,,
4114,Secondary,Foundation,Boston Spa School,Clifford Moor Road,Boston Spa,Wetherby,LS23 6RW,442024,445068,0193 784 6636,info@bostonspa.leeds.sch.uk,http://www.bostonspa.leeds.sch.uk/,Mr C Walsh,NE,11,18,,,,,,,,,,1,,,1,,52,
2433,Primary,Community,Bracken Edge Primary School,Newton Garth,Newton Road,Leeds,LS7 4HE,431233,436133,0113 262 3335, BEPS@brackenedge.leeds.sch.uk,http://www.brackenedge.leeds.sch.uk,Ms J Harkness,NE,3,11,,,,,,,,,,,,,,,,
2329,Primary,Community,Bramham Primary School - Federated with Shadwell Primary School,Clifford Road,Bramham,Wetherby,LS23 6JQ,442710,443623,0193 784 3682,c.kitchen@bramhamprimary.org,http://www.bramhamprimary.co.uk,Ms S Pyatt,NE,4,11,,,,,,,,,,,,,,,,
2406,Primary,Community,Bramhope Primary School,Tredgold Crescent,Bramhope,Leeds,LS16 9BR,425236,442933,0113 267 1222,susan.hepworth@bramhopeprimaryschool.co.uk,http://www.bramhope.eschools.co.uk,Mrs P Lawson,NW,4,11,0.635,,1,,16,,23,,,,,,,,,
2485,Primary,Community,Bramley Primary School,Fairfield Hill,,Leeds,LS13 3DP,423633,434958,0113 214 6169,headteacher@bramley.leeds.sch.uk,http://www.bramleyprimary.co.uk,Mr D Harrison,W,3,11,0.327,0.714,,,20,,15,5,,,,,,,,
3054,Primary,Voluntary Aided,Bramley St Peter’s Church of England Primary School,Hough Lane,,Leeds,LS13 3NE,424448,434928,0113 255 9680,info@bsp.leeds.sch.uk,http://www.bsp.leeds.sch.uk,Mrs R Esplin,W,4,11,,,,,,,,,,,,,,,,
4113,Secondary,Foundation,Brigshaw High School and Language College,Brigshaw Lane,Allerton Bywater,Castleford,WF10 2HR,440903,429146,0113 287 8900,office@brigshaw.com,http://www.brigshaw.com,Ms C Lennon MA NPQH,E,11,18,,,,,,,,,,5,,,3,3,78,
2398,Primary,Community,Broadgate Primary School,North Broadgate Lane,Horsforth,Leeds,LS18 5AF,424231,438392,0113 258 2685,office@broadgateprimary.org.uk,http://www.broadgate.ik.org,Ms E McLellan,NW,3,11,,,,,,,,,,,,,,,,
3915,Primary,Voluntary Aided,Brodetsky Primary School,Henry Cohen Campus,Wentworth Avenue,Leeds,LS17 7TN,430181,439856,0113 293 0578,info@ljfs.org,http://www.brodetsky.leeds.sch.uk,Mr J Dunford,NE,3,11,,,,,,,,,,,,,,,,
2007,Primary,Academy,Brownhill Primary School,Torre Road,,Leeds,LS9 7DH,432331,434109,0113 248 9539,admin@brownhill.coop,http://www.brownhillleeds.org.uk,Mrs G Winterburn,E,3,11,,,,,,,,,,,,,,,,
2409,Primary,Foundation,Brudenell Primary School,Welton Place,,Leeds,LS6 1EW,428309,435358,0113 278 5168,info@brudenell.leeds.sch.uk,http://www.brudenellprimary.co.uk,Mrs J Davies (Acting),NW,3,11,,,,,,,,,,,,,,,,
4109,Secondary,Foundation,Bruntcliffe School,Bruntcliffe Lane,Morley,Leeds,LS27 0LZ,425212,427723,0113 252 3225,info@bruntcliffe.net,http://www.bruntcliffe.net,Mrs H Scott,S,11,18,,,,,,,,,,,,,7,,26,
3052,Primary,Community,Burley St Matthias’ Church of England Primary School,Burley Road,,Leeds,LS4 2HY,427664,434714,0113 336 7401,jmayhall@burleystmatthias.co.uk,http://www.burleystmatthias.co.uk,Ms K Cameron & Ms S Collier,NW,4,11,0.237,0.622,,,12,,4,14,,,,,,,,
3046,Primary,Voluntary Aided,Calverley Church of England Primary School,Towngate ,Calverley,Leeds,LS28 5NF,420825,437223,0113 2567929,office@calverleyce.co.uk,http://www.calverleycofeprimaryschool.co.uk/,Mrs J Putsman,W,4,11,,,,,,,,,,,,,,,,
2301,Primary,Community,Calverley Parkside Primary School,Victoria Street,Calverley,Leeds,LS28 5PQ,420612,436888,0113 257 0884,headteacher@calverleyparkside.leeds.sch.uk,http://www.calverleyparkside.leeds.sch.uk/,Mrs A Duncalf,W,3,11,0.352,,,,11,,19,,,,,,,,,
4751,Secondary,Voluntary Aided,Cardinal Heenan Catholic High School,Tongue Lane,,Leeds,LS6 4QE,429035,438145,0113 887 3240,info@cardinalheenan.com,http://www.cardinalheenan.com,Miss E A Cox,NE,11,16,,,,,,,,,,,,,,,,
2308,Primary,Community,Carlton Primary School,New Road,,Carlton ,WF3 3RE,433635,427168,0113 214 6316,enquiries@carltonprimaryschool.co.uk,http://www.carltonprimaryschool.co.uk,Mrs J Cooper,S,3,11,0.648,1.847,,,16,,9,20,,,,,,,,
4041,Secondary (Through School),Community,Carr Manor Community School (Primary),Carr Manor Road,,Leeds,LS17 5DJ,429425,437542,0113 336 8401,office@carrmanor.org.uk,http://www.carrmanor.org.uk,Mr S Flowers,NE,4,11,0.511,,1,,39,,20,,,,,,,,,
4041,Secondary (Through School),Community,Carr Manor Community School (Secondary),Carr Manor Road,,Leeds,LS17 5DJ,429425,437542,0113 336 8400,info@carrmanor.org.uk,http://www.carrmanor.org.uk,Mr S Flowers,NE,4,18,,,,,,,,,,3,,,7,1,55,
4041,Through School,Community,Carr Manor Community School,"Carr Manor Road
",, Leeds ,LS17 5DJ,4294250,4375420,0113 336 8400,info@carrmanor.org.uk,www.carrmanor.org.uk,Mr S Flowers,NE,4,18,0.63,1.615,,,17,,26,17,,,,,,,,
2437,Primary,Community,Carr Manor Primary School,Carr Manor Road,,Leeds,LS17 5DJ,429618,437771,0113 268 9160,office@carrmanorprimary.org.uk,http://www.carrmanor-pri.leeds.sch.uk,Mrs D Kenny,NE,3,11,0.349,,1,,39,,20,,,,,,,,,
2486,Primary,Community,Castleton Primary School,Green Lane,,Leeds,LS12 1JZ,428038,433009,0113 263 7756,headteacher@castletonleeds.org.uk,http://www.castleton.leeds.sch.uk,Mrs J Norfolk,W,3,11,,,,,,,,,,,,,,,,
2427,Primary,Community,Chapel Allerton Primary School,Harrogate Road,,Leeds,LS7 3PD,430560,436844,0113 262 4851,c.easton@chapelallertonprimary.co.uk,http://www.chapelallertonprimary.co.uk,Mr N Sykes,NE,3,11,,,,,,,,,,,,,,,,
3055,Primary,Community,Christ Church Upper Armley Church of England Primary School,Theaker Lane,,Leeds,LS12 3NU,426647,433747,0113 263 8606,admin@ccuaprimary.org.uk,http://www.christchurchupperarmley.ik.org/,Ms A O’Connor,W,4,11,,,,,,,,,,,,,,,,
3369,Primary,Voluntary Aided,Christ the King Catholic Primary School Bramley,Kings Approach,,Leeds,LS13 2DX,425250,434487,0113 257 9230,office@ctkcps.org.uk,http://www.christtheking.leeds.sch.uk,Mr N Ryan,W,4,11,,,,,,,,,,,,,,,,
2286,Primary,Community,Churwell Primary School,Westwood Side,Morley,Leeds,LS27 9HR,426713,429206,0113 252 7437,office@churwellprimary.org.uk,http://www.churwell.leeds.sch.uk,Mr C Summers,S,3,11,0.468,,,,29,,31,,,,,,,,,
4061,Secondary,Academy,Leeds City Academy,Bedford Field,Woodhouse Cliff,Leeds,LS6 2LG,429161,435796,0113 336 8310,info@cityofleeds.org,http://www.cityofleeds.org/,Ms G Sale,NW,11,18,,,,,,,,,,,,,17,1,12,
2482,Primary,Foundation,Clapgate Primary School,Cranmore Drive,,Leeds,LS10 4AW,431758,428488,0113 271 6700,beltm@westwoodandclapgate.org,http://www.clapgate.leeds.sch.uk,Mrs Z Adams,S,3,11,,,,,,,,,,,,,,,,
2487,Primary,Community,Cobden Primary School,Cobden Road,,Leeds,LS12 5LA,425752,431890,0113 214 3567,office@cobden.leeds.sch.uk,http://www.cobden.leeds.sch.uk,Mrs P Head,W,3,11,0.711,11.506,1,,12,,9,8,,,,,,,,
4047,Secondary,Foundation,Cockburn School,Parkside,Gipsy Lane,Leeds,LS11 5TT,429194,429451,0113 271 9962,info@cockburnschool.org,http://www.cockburnschool.org/,Mr D Gurney,S,11,16,,,,,,,,,,,,,,,,
3357,Primary,Voluntary Aided,Collingham Lady Elizabeth Hastings Church of England Primary School,Linton Road,,Leeds,LS22 5BS,438365,446015,0193 757 3117,office@collinghamschool.org,http://www.collinghamschool.com,Mrs B Robertson,NE,4,11,,,,,,,,,,,,,,,,
2453,Primary,Foundation,Colton Primary School,School Lane,,Leeds,LS15 9AL,437173,433005,0113 264 7514,colton.school@colton.org.uk,http://www.colton.leeds.sch.uk,Mrs S Harrison,E,3,11,0.377,,1,,13,,16,,,,,,,,,
3903,Primary,Voluntary Aided,Cookridge Holy Trinity C of E Primary School,Green Lane,,Leeds,LS16 7EZ,424885,440313.8,0113 225 3040,info@holytrinity.leeds.sch.uk,http://www.holytrinity.leeds.sch.uk,Mrs C Harbrow,NW,4,11,,,,,,,,,,,,,,,,
2418,Primary,Foundation,Cookridge Primary School,Tinshill Drive,,Leeds,LS16 7DH,425402,439981,0113 386 2500,info@cookridge.leeds.sch.uk,http://www.cookridgeprimaryschool.org.uk,Mrs S Bailey,NW,4,11,,,,,,,,,,,,,,,,
4065,Secondary,Academy,Co-operative Academy of Leeds,Stoney Rock Lane,,Leeds,LS9 7HD,431563,434080,0113 380 7940,info@cal.coop,http://www.cal.coop,Ms E McCarthy,E,11,18,,,,,,,,,,,,,,,,
4752,Secondary,Voluntary Aided,Corpus Christi Catholic College,Neville Road,,Leeds,LS9 0TT,434033,433556,0113 200 9010,info@corpuschristicollege.leeds.sch.uk,http://www.corpuschristicollege.leeds.sch.uk/,Mr S Mort,E,11,16,,,,,,,,,,,,,,,,
3370,Primary,Voluntary Aided,Corpus Christi Catholic Primary School,Halton Moor Avenue,,Leeds,LS9 0HA,433947,433538,0113 248 3095,j.midgley@corpusprimaryleeds.org,http://leeds.schooljotter.com/corpusleeds,Mrs W M Walsh,E,4,11,,,,,,,,,,,,,,,,
2006,Primary,Academy,Cottingley Primary School,Dulverton Grove,,Leeds,LS11 0HU,427480,430316,0113 270 9503,office@cottingleyprimaryacademy.org,http://www.cottingley.leeds.sch.uk,Mrs L A White,S,3,11,0.259,1.419,1,,19,,22,3,,,,,,,,
4107,Secondary,Academy,Crawshaw Academy,Robin Lane,Pudsey,Leeds,LS28 9HU,422722,432964,0113 336 8540,info@crawshawacademy.org.uk,http://www.crawshawacademy.org.uk,Mr Adam Daly,W,11,18,,,,,,,,,,2,,,12,,48,
2458,Primary,Foundation,Cross Gates Primary School,Poole Crescent,,Leeds,LS15 7NB,435535,434590,0113 264 5763,admin@crossgates.leeds.sch.uk,http://www.leeds.gov.uk/,Mrs R Hamer,E,3,11,0.275,0.43,1,,17,,10,2,,,,,,,,
2347,Primary,Community,Crossley Street Primary School,Crossley Street,Wetherby,Leeds,LS22 6RT,440189,448438,0193 752 0301,linda.mann@crossleystreet.leeds.sch.uk,http://www.crossleystreet.leeds.sch.uk,Mrs S Clynes,NE,3,11,,,,,,,,,,,,,,,,
6905,Secondary,Academy,David Young Community Academy (DYCA),Bishops Way,Seacroft,Leeds,LS14 6NU,434527,436067,0113 273 9100,info@dyca.org.uk,http://www.dyca.org.uk,Ms R McMullen BA(Hons) NPQH,E,11,18,,,,,,,,,,,,,,,,
2400,Primary,Foundation,Deighton Gates Primary School,Deighton Road,Wetherby,Leeds,LS22 7Xl,440193,449571,0193 758 4359,staff@deightongates.leeds.sch.uk,http://www.deightongates.leeds.sch.uk,Mrs C Harrison,NE,4,11,,,,,,,,,,,,,,,,
3921,Primary,Community,Drighlington Primary School,Moorland Road,,Drighlington,BD11 1JY,422422,428610,0113 386 2390,info@drighlingtonprimary.org.uk,http://www.drighlingtonprimary.co.uk,Ms S Jackson,S,3,11,,,,,,,,,,,,,,,,
4000,Secondary,Community,E-ACT Leeds East Academy,South Parkway,Seacroft,Leeds,LS14 6TY,435573,435612,0113 273 1964,info@leedseastacademy.org.uk,http://www.leedseastacademy.org.uk,Kenwyn Paddy (Principal) Annette Hall (Executive Principal),E,11,18,,,,,,,,,,3,,,57,,44,
2504,Primary,Community,East Ardsley Primary School,Fall Lane,East Ardsley,Wakefield,WF3 2BA,430766,425516,0113 887 9023,office@eastardsley.org.uk,http://www.eastardsley.leeds.sch.uk,Mrs J Wedlinscky,S,3,11,0.552,0.716,,,23,,25,12,,,,,,,,
2395,Primary,Academy,East Garforth Primary School,Aberford Road,Garforth,Leeds,LS25 2HF,441726,433713,0113 212 7100,info@egpa.org.uk,http://egpa.org.uk,Mr D Eaton,E,3,11,,,,,,,,,,,,,,,,
2446,Primary,Community,Ebor Gardens Primary Academy,Rigton Drive ,,Leeds,LS9 7PY,431549,433879.8,0113 248 2750,business.manager@eborgardensprimary.co.uk,http://www.eborgardensprimary.co.uk,Mrs K Depledge,E,3,11,0.529,0.633,,,32,,21,7,,,,,,,,
4026,Secondary,Academy,Farnley Academy,Chapel Lane,,Leeds,LS12 5EU,425136,431969,0113 263 0741,info@farnley.leeds.sch.uk,http://www.farnley.leeds.sch.uk,Executive Principal Mr J. A. Townsley Principal Mr J. Ziltener,W,11,18,,,,,,,,,,4,79,65,,,94,
2505,Primary,Community,Farsley Farfield Primary School,Cote Lane,Farsley,Leeds,LS28 5ED,421048,434857,0113 205 8130,office@farsleyfarfield.org.uk,http://www.farsleyfarfield.org.uk,Mr P Harris,W,3,11,0.778,1.084,1,,29,,9,19,1,,,,,,,
2338,Junior,Community,Farsley Springbank Junior School,Wesley Street,Farsley,Leeds,LS28 5LE,421900,435239,0113 255 8719,Info@farsleyspringbank.co.uk,http://www.farsleyspringbankjuniorschool.co.uk/,Miss S Percival,W,7,11,0.397,0.486,,,22,,21,17,,,,,,,,
2302,Infant,Community,Farsley Westroyd Infant School,Frances Street,Farsley,Leeds,LS28 5BH,421708,434817,0113 255 1601,ruth.hall@westroyd.leeds.sch.uk,http://www.westroydprimaryschoolandnursery.co.uk,Ms J Todd,W,4,7,,,,,,,,,,,,,,,,
2469,Primary,Community,Fieldhead Carr Primary School,Naburn Approach,,Leeds,LS14 2EG,435846,438065,0113 293 0226,fhcschool@fieldheadcarr.leeds.sch.uk,http://www.fieldheadcarr.leeds.sch.uk,Mr N Edensor,E,3,11,0.618,0.979,,,9,,14,7,,,,,,,,
2492,Primary,Community,Five Lanes Primary School,Stradbroke Way,,Leeds,LS12 4NB,427161,432757,0113 279 0122,info@fivelanesprimary.co.uk,http://www.fivelanesprimary.co.uk,Mrs J Fiddes,W,3,11,0.449,1.288,,,20,,20,20,,,,,,,,
3926,Primary,Community,Fountain Primary School,Fountain Street,Morley,Leeds,LS27 0AW,425820,426999,0113 8878235,info@fountainprimary.leeds.sch.uk,http://www.fountainprimary.leeds.sch.uk,Mr A Eastwood,S,3,11,0.645,0.64,,,25,,32,3,,,,,,,,
4112,Secondary,Academy,Garforth Academy,Lidgett Lane,Garforth,Leeds,LS25 1LJ,440183,432482,0113 212 7127,info@garforthacademy.org.uk,http://www.garforthacademy.org.uk,Mr P West,E,11,18,,,,,,,,,,,,,,,,
2336,Primary,Community,Gildersome Primary School,Town Street,Gildersome,Leeds,LS27 7AB,424463,429108,0113 201 2450,Head@gildersomeprimary.org.uk,http://www.gildersomeprimary.org.uk,Mrs C Hoyle,S,3,11,,,,,,,,,,,,,,,,
2428,Primary,Community,Gledhow Primary School,Lidgett Lane,,Leeds,LS8 1PL,431619,437508,0113 293 0392,info@gledhowschool.org,http://www.gledhow.leeds.sch.uk,Mr S Archer,NE,3,11,0.321,1.082,1,,22,,26,41,,,,,,,,
2447,Primary,Foundation,Grange Farm Primary School,Barncroft Rise,,Leeds,LS14 1AX,434807,436965,0113 293 0120,admin.manager@grangefarm.leeds.sch.uk,http://www.grangefarm.leeds.sch.uk/,Ms K Atkins,E,3,11,0.532,0.488,,,40,,19,1,,,,,,,,
3925,Primary,Foundation,Great Preston Church of England Primary School,Preston Lane,Great Preston ,Leeds,LS26 8AR,440405,429162,0113 214 6816,simpsod08@brigshawtrust.com,http://www.greatpreston-pri.leeds.sch.uk,Ms D Simpson,E,4,11,0.567,1.294,,,9,,17,4,,,,,,,,
2396,Primary,Academy,Green Lane Primary Academy,Ribblesdale Avenue,Garforth,Leeds,LS25 2JX,441808,432720,0113 212 7107,info@glpa.org.uk,http://www.glpa.org.uk,Mrs T Prince,E,3,11,,,,,,,,,,,,,,,,
2499,Primary,Community,Greenhill Primary School,Gamble Hill Drive,,Leeds,LS13 4JJ,424994,433676,0113 263 5271,info@greenhill.leeds.sch.uk,http://www.greenhill.leeds.sch.uk/,Mrs A M Reeve,W,3,11,0.427,0.423,,,30,,26,4,,,,,,,,
2473,Primary,Community,Greenmount Primary School,Lodge Lane,,Leeds,LS11 6BA,429549,431303,0113 276 0771,info@greenmountprimary.co.uk,http://www.greenmountprimary.co.uk,Ms J Wilde,S,3,11,0.265,0.342,,,30,,21,9,,,,,,,,
2303,Primary,Community,Greenside Primary School,Chapeltown,Pudsey,Leeds,LS28 8NZ,421964,432904,0113 257 4509,info@greenmountprimary.co.uk,http://www.greenside.leeds.sch.uk,Mrs C Morgan,W,4,11,0.44,0.412,2,,20,,13,10,,,,,,,,
2448,Primary,Community,Grimes Dyke Primary School,Stanks Drive,,Leeds,LS14 5BY,436557,436704,0113 294 1066,headteacher@grimesdyke.leeds.sch.uk,http://www.grimesdyke.leeds.sch.uk,Miss L Hill,E,3,11,,,,,,,,,,,,,,,,
2270,Infant,Foundation,Guiseley Primary School,Oxford Road,Guiseley,Leeds,LS20 9DA,419097,442252,0194 387 3359,office@guiseleyinfants.org.uk,http://www.guiseleyinfants.org.uk/,Mrs M G Bell,NW,3,7,0.428,3.946,1,,26,,23,10,,,,,,,,
4108,Secondary,Foundation,Guiseley School,Fieldhead Road,Guiseley,Leeds,LS20 8DT,418677,441738,0194 387 2315,info@guiseleyschool.org.uk,http://www.guiseleyschool.org.uk,Mr P Morrissey,NW,11,18,,,,,,,,,,2,,,,,104,
2449,Primary,Community,Harehills Primary School,Darfield Road,,Leeds,LS8 5DQ,432097,435211,0113 235 0539,info@harehills.leeds.sch.uk,http://www.harehills.leeds.sch.uk/,Mrs M Broughton,E,3,11,0.248,0.252,,,60,,23,7,,,,,,,,
3037,Primary,Community,Harewood Church of England Primary School,Harrogate Road,Harewood,Leeds,LS17 9LH,432200,445085,0113 288 6394,office@harewood.leeds.sch.uk,http://www.harewood-leeds.frogos.net,Mr R Madeley,NE,4,11,1.579,2.987,,,5,,1,9,,,,,,,,
3351,Primary,Community,Hawksworth Church of England Primary School (Voluntary Aided),Main Street,Guiseley,Leeds,LS20 8NX,416508,441784,0194 387 2808,admin@hawksworthceprimary.org,http://www.hawksworthceprimary.org/,Mr Norris,NW,4,11,,,,,,,,,,,,,,,,
2417,Primary,Community,Hawksworth Wood Primary School,Cragside Walk,,Leeds,LS5 3QE,425247,437304,0113 258 3984,a.padden@hwood.org.uk,http://www.hawksworthwood.leeds.sch.uk,Ms A Padden,NW,4,11,,,,,,,,,,,,,,,,
2438,Primary,Community,Highfield Primary School,Sandringham Green,,Leeds,LS17 8DJ,431232,439574,0113 293 0155,admin@highfield.leeds.sch.uk,http://www.highfield-primary.co.uk,Mrs J Colley,NE,4,11,0.389,,,,31,,28,,1,,,,,,,
2292,Primary,Community,Hill Top Primary School,Batley Road,West Ardsley,Leeds,WF3 1HD,428040,424516,0113 307 4750,office@hilltopprimary.org.uk,http://www.hilltopprimary.org.uk,Ms Hyans,S,3,11,0.724,0.882,,,8,,17,5,,,,,,,,
2014,Primary,Academy,Hillcrest Community Primary School,Cowper Street,,Leeds,LS7 4DR,431273,435505,0113 262 4080,,http://www.hillcrest.leeds.sch.uk,Jane Kent,NE,3,11,,,,,,,,,,,,,,,,
3922,Primary,Community,Hollybush Primary School,Broad Lane,,Leeds,LS13 2JJ,425330,435352,0113 386 2470,school@hollybushprimary.org,http://www.hollybushprimaryschool.org.uk/,Mr D Kenny,W,3,11,,,,,,,,,,,,,,,,
3372,Primary,Voluntary Aided,Holy Family Catholic Primary School,Parliament Road,,Leeds,LS12 2LH,427711,433408,0113 279 7572,office@holyfamilyleeds.co.uk,http://www.holyfamilyleeds.co.uk,Mr P McQuillen-Strong,W,3,11,,,,,,,,,,,,,,,,
3380,Primary,Voluntary Aided,Holy Name Catholic Primary School,Otley Old Road,,Leeds,LS16 6NF,426123,439068,0113 293 6444,holyname@holynameleeds.co.uk,http://www.holynameprimary.org.uk,Mr A Duffy,NW,4,11,,,,,,,,,,,,,,,,
3383,Primary,Voluntary Aided,Holy Rosary and St Anne’s Catholic Primary School,Leopold Street,,Leeds,LS7 4AW,430819,435196,0113 336 8433,secretary@st-annes.leeds.sch.uk,http://www.holyrosaryandstannes.org.uk,Mrs E McDonagh-Smith,NE,3,11,,,,,,,,,,,,,,,,
2283,Primary,Community,Horsforth Featherbank Primary School,Featherbank,Horsforth,Leeds,LS18 4QP,423713,437497,0113 214 4811,info@featherbank.leeds.sch.uk,http://www.featherbank.leeds.sch.uk,Mrs K Rhodes,NW,4,11,0.131,,,,22,,8,,,,,,,,,
2363,Primary,Community,Horsforth Newlaithes Primary School,Victoria Crescent,Horsforth,Leeds,LS18 4PT,423255,436973,0113 258 8645,headteacher@stf.newlaithes.co.uk,http://www.newlaithes.co.uk,Mrs J Blacoe,NW,4,11,0.422,0.551,,,23,,24,13,,,,,,,,
4115,Secondary,Academy,Horsforth School,Lee Lane East,Horsforth,Leeds,LS18 5RF,423723,438495,0113 226 5454,info@horsforthschool.org,http://www.horsforthschool.org,Mr S Jex MEd BSc (Econ),NW,11,18,,,,,,,,,,,,,,,,
3038,Primary,Community,Horsforth St Margaret’s Church of England Primary School,Town Street,Horsforth,Leeds,LS18 5BL,423837,438210,0113 386 2520,stringm01@leedslearning.net,http://www.stmargarets.leeds.sch.uk/,Mr A M Wiley,NW,3,11,0.256,0.363,1,,28,,18,12,1,,,,,,,
2334,Primary,Community,Horsforth West End Primary School,West End Lane,Horsforth,Leeds,LS18 5JP,422906,438391,0113 258 2819,westendschool@leedslearning.net,http://www.westendprimary.org.uk,Mrs L A Wadkin,NW,3,11,0.324,,1,,18,,11,,,,,,,,,
2450,Primary,Community,Hovingham Primary School,Hovingham Avenue,,Leeds,LS8 3QY,432405,435642,0113 248 9537,kim.andrews@hovingham.org,http://www.hovingham.leeds.sch.uk/,Ms J Spence,E,3,11,,,,,,,,,,,,,,,,
2483,Primary,Foundation,Hugh Gaitskell Primary School,St Anthony's Drive,,Leeds,LS11 8AB,428563,430640,0113 271 6963,sue.richardson@hg-ps.org,http://www.hughgaitskell.leeds.sch.uk,Mrs M Beesley,S,3,11,,,,,,,,,,,,,,,,
2474,Primary,Community,Hunslet Carr Primary School,Woodhouse Hill Road,,Leeds,LS10 2DN,431201,430724,0113 271 3804,christine.rayner@hunsletcarr.co.uk,http://www.hunsletcarr.leeds.sch.uk,Mr P Tyson,S,3,11,,,,,,,,,,,,,,,,
2475,Primary,Community,Hunslet Moor Primary School,Fairfold Avenue,,Leeds,LS11 5EL,430153,431367,0113 271 7257,headteacher@hunsletmoor.leeds.sch.uk,http://www.hunsletmoor.co.uk,Miss H Darley,S,3,11,,,,,,,,,,,,,,,,
3914,Primary,Voluntary Aided,Hunslet St Mary’s Church of England Primary School,Church Street,Hunslet,Leeds,LS10 2QY,431179,431347,0113 271 7204,karen.shields@hunsletstmarys.co.uk,http://www.hunsletstmarys.co.uk,Mr M Ford,S,4,11,,,,,,,,,,,,,,,,
3381,Primary,Voluntary Aided,Immaculate Heart of Mary Catholic Primary School,292 Harrogate Road,,Leeds,LS17 6SX,430602,438020,0113 336 8690,school.office@ihomcps.co.uk,http://www.immaculate-heart-of-mary.leeds.sch.uk,Mr S Dudgeon,NE,4,11,,,,,,,,,,,,,,,,
2476,Primary,Community,Ingram Road Primary School,Brown Lane East,Holbeck,Leeds,LS11 9LA,428832,432071,0113 245 6136,info@ingramroad.leeds.sch.uk,http://www.ingramroad.leeds.sch.uk/,Miss S Millard,S,3,11,,,,,,,,,,,,,,,,
2420,Primary,Foundation,Ireland Wood Primary School ,Raynel Gardens,,Leeds,LS16 6BW,426077,439670,0113 267 8032,info@irelandwood.leeds.sch.uk,http://www.irelandwood.leeds.sch.uk,Mr I Blackburn,NW,4,11,,,,,,,,,,,,,,,,
2410,Primary,Foundation,Iveson Primary School,Iveson Rise,,Leeds,LS16 6LW,426108,438667,0113 225 6868,office@iveson-primary.co.uk,http://www.iveson-primary.co.uk,Mrs D Mann,NW,3,11,,,,,,,,,,,,,,,,
4055,Secondary,Academy,John Smeaton Academy,Smeaton Approach,Barwick Road,Leeds,LS15 8TA,437308,435598,0113 831 3900,enquiries@johnsmeatonacademy.org.uk,http://www.johnsmeatonacademy.org.uk,Mr D Yates,E,11,18,,,,,,,,,,1,,,,,49,
2434,Primary,Community,Kerr Mackie Primary School,Gledhow Lane,,Leeds,LS8 1NE,432135,437069,0113 336 8499,office@kmps.org.uk,http://www.kerrmackie-primary-school.org.uk/,Mrs A Ronicle,NE,4,11,0.629,1.338,,,19,,8,33,,,,,,,,
2011,Primary,Academy,Khalsa Science Academy Free School,192A Chapeltown Road,,Leeds,LS7 4HZ,430978,436111,0113 887 3680,info@khalsascienceacademy.org.uk,http://www.khalsascienceacademy.org.uk/,Mark Scott,NE,4,11,,,,,,,,,,,,,,,,
2801,Primary,Foundation,Kippax Ash Tree Primary School,Gibson Lane,Kippax,Leeds,LS25 7JL,441894,430482,0113 385 0680,secretary@kippaxashtree.leeds.sch.uk,http://www.kippaxashtree.leeds.sch.uk,Ms Campbell,E,3,11,,,,,,,,,,,,,,,,
2384,Primary,Foundation,Kippax Greenfield Primary School,Ebor Mount,Kippax,Leeds,LS25 7PA,441468,430609,0113 287 6195,kgpsoffice@brigshawtrust.com,www.kippaxgreenfield.co.uk,Mrs K Moleele,E,4,11,,,,,,,,,,,,,,,,
2399,Primary,Foundation,"Kippax North Junior, Infant and Nursery School",Brexdale Avenue,Kippax,Leeds,LS25 7Ej,440932,431517,0113 286 9427,deatonh01@brigshawtrust.com,http://www.kippaxnorth.leeds.sch.uk,Mrs B Clark,E,3,11,0.341,5.766,,,8,,9,13,,,,,,,,
3904,Primary,Voluntary Aided,Kirkstall St Stephen’s Church of England Primary School,Morris Lane,,Leeds,LS5 3JD,426431,435805,0113 382 1960,contactus@kirkstallss.net,http://www.kirkstall-st-stephens.leeds.sch.uk,Mr S Viles,NW,4,11,,,,,,,,,,,,,,,,
2411,Primary,Community,Kirkstall Valley Primary School,Argie Road,,Leeds,LS4 2QZ,427295,434761,0113 887 8982,info@kirkstallvalley.org.uk,http://www.kirkstallvalley.leeds.sch.uk,Ms Mitchell,NW,3,11,0.417,0.605,1,,16,,8,5,,,,,,,,
5200,Primary,Voluntary Aided,"Lady Elizabeth Hastings Church of England Primary School, Ledston",Green Lane,Ledston,Wakefield,WF10 2BD,443243,428780.2,0197 755 7758,lehoffice@brigshawtrust.com,http://www.ladyehastings.leeds.sch.uk,Mrs K Dews (acting),E,4,11,,,,,,,,,,,,,,,,
3356,Primary,Foundation,"Lady Elizabeth Hastings Church of England Primary School, Thorp Arch",Dowkell Lane,Thorpe Arch,Wetherby,LS23 7AQ,443332,446217,0193 784 2566,helen.obridge@thorparch-leh.co.uk,http://www.ladyhastings-thorparch.leeds.sch.uk,Ms S Ulyett,NE,4,11,,,,,,,,,,,,,,,,
2000,Primary,Foundation,Lane End Primary School,Beeston Road,Holbeck,Leeds,LS11 6TP,429704,432054,0113 271 7969,office@laneendprimary.co.uk,www.laneendprimary.org.uk,Mrs Williams,S,4,11,0.381,1.423,,,10,,15,35,,,,,,,,
2497,Primary,Community,Lawns Park Primary School,Chapel Lane,,Leeds,LS12 5EX,425093,432247,0113 263 7364,info@lawnspark.net,http://www.lawnspark.net/,Ms R Ford,W,3,11,0.868,0.277,,,10,,15,5,,,,,,,,
4006,Secondary,Community,Lawnswood School,Ring Road,West Park ,Leeds,LS16 5AG,426728,437859,0113 284 4020,school@lawnswoodschool.co.uk,http://www.lawnswoodschool.co.uk,Mr S White,NW,11,18,,,,,,,,,,,,,11,1,63,
4066,Secondary,Academy,Leeds Jewish Free School,Wentworth Avenue,,Leeds,LS17 7TN,430181,439856,0113 269 3176,admin@ljfs.org,http://www.ljfs.org,Jeremy Dunford,NE,7,18,,,,,,,,,,,,,,,,
6906,Secondary,Academy,Leeds West Academy,Intake Lane,Rodley,Leeds,LS13 1DQ,422930,435410,0113 229 5454,info@leedswestacademy.org.uk,http://www.leedswestacademy.org.uk,Mrs A Hall,W,11,18,,,,,,,,,,,,,,,,
2412,Primary,Foundation,Little London Community Primary School,Meanwood Street,,Leeds,LS7 1SR,430415,434799,0113 244 2457,office@littlelondonprimary.co.uk,http://www.littlelondon.leeds.sch.uk,Mrs J Wood,NW,4,11,,,,,,,,,,,,,,,,
2481,Primary,Community,Low Road Primary School,Belinda Street,Hunslet,Leeds,LS10 2PS,431475,431469,0113 271 6051,jayne.kellett@musicfederation.co.uk,http://www.musicfederation.co.uk/,Mrs S Sumpner,S,3,11,0.413,2.03,,,10,,14,6,,,,,,,,
2496,Primary,Community,Lower Wortley Primary School,Lower Wortley Road,,Leeds,LS12 4PX,426476,431942,0113 386 2530,admin@lwps.org.uk,http://www.lowerwortley-pri.leeds.sch.uk/,Mrs B Giles,W,3,11,0.381,1.065,1,,13,,24,7,,,,,,,,
2365,Primary,Community,Lowtown Primary School,Kent Road,Pudsey,Leeds,LS28 9BB,422888,433466,0113 256 7303,admin@pudseylowtown.org.uk,http://www.pudseylowtown.leeds.sch.uk/,Ms C Downham,W,4,11,0.498,,,1,17,,12,,,,,,,,,
2464,Primary,Community,Manston Primary School,Dennil Road,,Leeds,LS15 8SD,436599,435401,0113 264 5445,manston.primary@manston.leeds.sch.uk,http://www.manstonprimary.co.uk,Mrs P Quick,E,4,11,0.498,0.55,2,,10,,15,3,,,,,,,,
3910,Primary,Academy,Manston St James’ Church of England Primary Academy,Sandbed Lane,,Leeds,LS15 8JH,436615,435165,0113 273 9180,info@manston-st-james.leeds.sch.uk,http://www.manston-st-james.leeds.sch.uk,Mr M Edwards,E,4,11,,,,,,,,,,,,,,,,
3923,Primary,Foundation,Meadowfield Primary School,Halton Moor Avenue,,Leeds,LS9 0JY,433677,433227,0113 3230010,linda.mackie@meadowfieldclc.org,http://www.meadowfieldclc.org,Mr R Mellard,E,3,11,0.572,0.365,,,28,,30,2,,,,,,,,
3907,Primary,Voluntary Aided,Meanwood Church of England Primary School,Green Road,,Leeds,LS6 4LD,428207,437316,0113 275 5883,helen.sanderson@meanwood.leeds.sch.uk,http://www.meanwoodschool.co.uk,Mrs H Sanderson,NW,4,11,,,,,,,,,,,,,,,,
3916,Primary,Community,Methley Primary School,Savile Road,Methley,Leeds,LS26 9HT,439966,427035,0113 386 2540,tracy.dell@methley-pri.leeds.sch.uk,http://www.methley-pri.leeds.sch.uk/,Ms T Dell,S,3,11,,,,,,,,,,,,,,,,
3040,Primary,Community,Micklefield C.E. Primary School,Great North Road,Micklefield,Leeds,LS25 4AQ,444371,433284,0113 336 8668,office@micklefieldceprimary.co.uk,http://www.micklefieldprimary.org.uk,Mrs G Dodsworth,E,3,11,,,,,,,,,,,,,,,,
2477,Primary,Foundation,Middleton Primary School,Middleton Park Avenue,,Leeds,LS10 4HU,429892,427449,0113 271 7969,info@middletonprimary.net,http://www.middletonprimary.net,Ms S Williams,S,4,11,,,,,,,,,,,,,,,,
3053,Primary,Community,Middleton St Mary’s Church of England Primary School,Moor Flatts Road,,Leeds,LS10 3SW,430132,428331,0113 271 7206,enquiries@middletonstmarys.co.uk,http://www.middletonstmarys.co.uk,Ms S Graham,S,3,11,0.392,0.587,,,37,,9,14,,,,,,,,
3930,Primary,Community,Mill Field Primary School,Potternewton Mount,,Leeds,LS7 2DR,429766,436461.3,0113 262 0021,office@mfprimary.com,http://www.mfprimary.com/,Mr S Watkins,NE,3,11,,,,,,,,,,,,,,,,
2439,Primary,Community,Moor Allerton Hall Primary School,Lidgett Lane,,Leeds,LS17 6QP,431470,438221,0113 336 8350,office@moorallertonhall.leeds.sch.uk,http://www.moorallertonhall.leeds.sch.uk,Ms L McKay,NE,3,11,,,,,,,,,,,,,,,,
2440,Primary,Community,Moortown Primary School,Shadwell Lane,,Leeds,LS17 6DR,430872,438853,0113 268 5915,office@moortown.leeds.sch.uk,http://www.moortown.leeds.sch.uk,Mr D Roundtree,NE,4,11,0.493,0.357,1,,12,,10,7,,,,,,,,
4101,Secondary,Academy,Morley Academy,Fountain Street,Morley,Leeds,LS27 0PD,425947,427447,0113 253 2952,info@morley.leeds.sch.uk,http://www.morley.leeds.sch.uk,Mr J A Townsley BA (Hons) NPQH,S,11,18,,,,,,,,,,4,90,152,,,90,
2321,Primary,Community,Morley Newlands Primary School,Wide Lane,Morley,Leeds,LS27 8PG,427624,428034,0113 323 1890,enquiries@morleynewlands.leeds.sch.uk,http://morleynewlands.leeds.sch.uk/,Mr A Stygall,S,4,11,,,,,,,,,,,,,,,,
2382,Primary,Community,Morley Victoria Primary School,Victoria Road,Morley,Leeds,LS27 9NW,426018,428288,0113 253 5253,office@morleyvictoria.org.uk,http://www.morleyvictoriaprimary.org.uk,Mr R H J Elstub,S,3,11,0.374,0.348,,,25,,25,10,,,,,,,,
4753,Secondary,Voluntary Aided,Mount St Mary’s Catholic High School,Ellerby Road,,Leeds,LS9 8LA,431264,433164,0113 245 5248,hehub@mountstmarys.org,http://www.mountstmarys.org,Mr M Cooper,E,11,16,,,,,,,,,,,,,,,,
3927,Primary,Community,New Bewerley Community School,Bismarck Drive,,Leeds,LS11 6TB,430016,431677,0113 887 8718,secretary@newbewerley.org.uk,http://www.newbewerley.leeds.sch.uk,Mr P Wilkins,S,4,11,,,,,,,,,,,,,,,,
2012,Primary,Academy,Nightingale Academy,Stanley Road,,Leeds,LS9 7AX,432106,434804,0746 714 6874,headteacher@nightingale.coop,http://www.nightingale.coop,Ms Ingram,NE,4,11,,,,,,,,,,,,,,,,
2397,Primary,Foundation,Ninelands Primary School,Ninelands Lane,Garforth,Leeds,LS25 1NT,441099,432702,0113 287 8370,ffice@ninelands-school.co.uk,http://www.ninelands-school.co.uk,Mrs J Sabourn,E,3,11,,,,,,,,,,,,,,,,
2010,Primary,Academy,Oakwood Primary Academy,North Farm Road,,Leeds,LS8 3LZ,433161,435311,0113 240 2526,office@oakwood.coop,http://www.oakwoodleeds.org.uk,Miss R Ingram,E,3,11,0.405,,,,38,,22,,,,,,,,,
2513,Primary,Community,Otley All Saints Church of England Primary School,Lisker Drive,Otley,Leeds,LS21 1DF,420981,445208,0194 346 4703,office@otleyallsaints.co.uk,p://www.otleyallsaints.co.uk,Mr I Thomson-Smith,NW,3,11,0.524,0.469,,,10,,19,1,,,,,,,,
2405,Primary,Community,Otley The Whartons Primary School,The Whartons,Otley,Leeds,LS21 2BS,420373,446901,0194 346 5018,info@whartonsprimary.co.uk,http://www.whartonsprimary.co.uk,Ms Dickson,NW,4,11,,,,,,,,,,,,,,,,
2327,Primary,Community,Oulton Primary School,Green Lea,Oulton,Leeds,LS26 8NT,435835,428799,0113 214 6303,joanne.smithson@oulton.leeds.sch.uk,http://www.oulton.ik.org,Ms J Smithson,S,3,11,,,,,,,,,,,,,,,,
3376,Primary,Voluntary Aided,Our Lady’s Catholic Primary School,Pigeon Cote Road,,Leeds,LS14 1EP,435102,436668,0113 2329031,administrator@ourladys.org,http://www.ourladyscatholicprim.org.uk,Mrs S Flaherty,E,3,11,,,,,,,,,,,,,,,,
2488,Primary,Community,Park Spring Primary School,Wellstone Avenue,,Leeds,LS13 4EH,423971,433677,0113 255 2526,office@parkspringprimary.co.uk,http://www.parkspringprimary.co.uk,Mrs R Horan,W,3,11,,,,,,,,,,,,,,,,
2005,Primary,Academy,Park View Primary Academy,Harlech Road,,Leeds,LS11 7DG,429513,430893,0113 271 6754,info@parkviewpa.org.uk,http://www.parkviewpa.org.uk,Ms E Pickard,S,3,11,0.223,,,,19,,11,,,,,,,,,
2467,Primary,Community,Parklands Primary School,Dufton Approach ,,Leeds,LS14 6ED,435530,435383,0113 293 0282,d.mcelwee@parklandsleeds.org.uk,http://parklandsprimary.org.uk,Mrs C Hindmarch,E,4,11,,,,,,,,,,,,,,,,
3051,Primary,Community,Pool-in-Wharfedale Church of England Primary School,Arthington Lane,Pool In Wharfedale,Leeds,LS21 1LG,424845,445126,0113 284 3151,info@poolprimarysch.org.uk,http://www.pool-in-wharfedale-leeds.co.uk/,Mr M McDermid,NW,4,11,,,,,,,,,,,,,,,,
4110,Secondary,Foundation,Priesthorpe School (Foundation),Priesthorpe Lane,Farsley,Leeds,LS28 5SG,420638,434897,0113 257 4115,info@priesthorpe.org,http://www.priesthorpe.org,Mr M Blacoe,W,11,18,,,,,,,,,,3,38,85,,2,67,
2389,Primary,Foundation,Primrose Lane Primary School,Westwood Way,Boston Spa,Wetherby,LS23 6DX,442657,445388,0193 784 2667,info@primroselane.leeds.sch.uk,http://www.primroselane.leeds.sch.uk,Mrs C Holmes,NE,3,11,0.542,,,,15,,15,,,,,,,,,
4501,Secondary,Academy,Prince Henry’s Grammar School (Academy),Farnley Lane,Otley,Leeds,LS21 2BB,420205,446287,0194 346 3524,info@princehenrys.co.uk,http://www.princehenrys.co.uk,Mrs J Sheriff,NW,11,18,,,,,,,,,,,85,56,,1,113,
2331,Primary,Community,Pudsey Bolton Royd Primary School,Moorland Grove,Pudsey,Leeds,LS28 8EP,420151,433922,0113 386 2560,info@pudseyboltonroyd.org,http://www.pudseyboltonroyd.org,Mr P Taylor,W,3,11,,,,,,,,,,,,,,,,
4102,Secondary,Foundation,Pudsey Grangefield Maths and Computing College (Foundation),Mount Pleasant Road,Pudsey,Leeds,LS28 7ND,422336,433739,0113 255 8277,ontactus@pudseygrangefield.co.uk,http://www.pudseygrangefield.leeds.sch.uk/,Mr K M Cornforth,W,11,18,,,,,,,,,,3,74,43,,,75,
2339,Primary,Community,Pudsey Primrose Hill Primary School,Primrose Hill,Stanningley,Leeds,LS28 6AB,422024,434016,0113 257 4129,admin@pudseyprimrosehill.co.uk,http://www.primrosehill.leeds.sch.uk,Mrs L West,W,3,11,0.351,1.543,1,,31,,18,40,,,,,,,,
2326,Primary,Community,Pudsey Tyersal Primary School,Tyersal Walk,,Bradford,BD4 8ER,419799,432549,0127 466 2363,a.durn@pudseytyersalps.org.uk,http://www.pudseytyersalps.co.uk,Mrs J Jobson,W,3,11,,,,,,,,,,,,,,,,
3920,Primary,Community,Pudsey Waterloo Primary School,Victoria Road,Pudsey,Leeds,LS28 7SR,421368,433227,0113 336 8020,v.bray@pudseywaterloo.org.uk,http://www.pudseywaterloo.co.uk,Mrs K Priestley,W,3,11,,,,,,,,,,,,,,,,
2413,Primary,Foundation,Quarry Mount Primary School,Pennington Street,,Leeds,LS6 2JP,429432,435546,0113 245 5803,acarter@quarrymountprimary.org.uk,http://www.quarrymount.leeds.sch.uk/,Ms Hendley,NW,4,11,0.224,,,,21,,9,,,,,,,,,
2356,Primary,Foundation,Queensway Primary School and Yeadon and Rawdon Children’s Centre,Coppice Wood Avenue,Yeadon,Leeds,LS19 7LF,420304,441881,0194 387 4925,office@queenswayschool.co.uk,http://www.angelapplicationsltd.com/queensway/,Mr A Davies,NW,3,11,,,,,,,,,,,,,,,,
4062,Secondary,Academy,Ralph Thoresby School,Holt Dale Approach,,Leeds,LS16 7RX,425779,439865,0113 397 9911,headteacher@ralphthoresby.com,http://www.ralphthoresby.com,Mr W Carr,NW,11,18,,,,,,,,,,3,,,13,6,48,
2271,Primary,Foundation,Rawdon Littlemoor Primary School,New Road Side,Rawdon,Leeds,LS19 6DD,420564,439949,0113 887 9690,office@rawdonlittlemoor.org,http://www.rawdonlittlemoor.org/,Mrs S Henderson,NW,4,11,0.734,0.588,3,,21,,13,8,,,,,,,,
3031,Primary,Community,Rawdon St Peter’s Church of England Primary School,Town Street,Rawdon,Leeds,LS19 6PP,421808,439438,0113 250 4201,headteacher@rawdonstpeters.co.uk,http://www.rawdonstpeters.org.uk,Ms C Sibson,NW,4,11,0.763,1.328,3,,17,,12,13,,,,,,,,
2489,Primary,Community,Raynville Primary School,Cross Aston Grove,,Leeds,LS13 2TQ,425210,434714,0113 257 9590,m.townsend@raynvilleprimaryleeds.org,http://www.raynvilleprimaryleeds.org.uk/,Mrs M Townsend,W,3,11,,,,,,,,,,,,,,,,
2451,Primary,Community,Richmond Hill Primary School,Clark Crescent,,Leeds,LS9 8QF,431832,433009,0113 336 8899,info@richmondhill.leeds.sch.uk,http://www.richmondhillprimary.ik.org,Mrs S Mudie,E,3,11,0.594,1.186,,,34,,42,14,,,,,,,,
2309,Primary,Community,Robin Hood Primary School,Leeds Road,Robin Hood,Wakefield,WF3 3BG,432551,426884,0113 282 3444,sue.smith@robinhood.leeds.sch.uk ,http://www.robinhood.leeds.sch.uk,Ms G Dale,S,3,11,0.641,0.95,,,18,,27,15,,,,,,,,
4103,Secondary,Academy,Rodillian Academy,Longthorpe Lane,Lofthouse,Wakefield,WF3 3PS,432983,426059,0192 487 2252,ontact@rodillianacademy.co.uk,http://www.therodillianacademy.co.uk,Mr A Goulty,S,11,18,1.744,1.891,,,,,,,,10,96,65,,5,94,
2415,Primary,Foundation,Rosebank Primary School,Burley Road,,Leeds,LS3 1JP,428617,434236,0113 243 3497,school@rosebank.leeds.sch.uk,ttp://www.rosebank.leeds.sch.uk,Mrs G Young,NW,3,11,0.457,0.488,,,28,,15,2,,,,,,,,
2013,Primary,Academy,Rothwell Church of England Primary School,Queensway,Rothwell,Leeds,LS26 0NB,434509,428593,0113 273 9190,headteacher@rothwell.leeds.sch.uk,http://www.rothwellcofe.co.uk,Mr D Foulke,S,4,11,,,,,,,,,,,,,,,,
2313,Infant,Community,Rothwell Haigh Road Infant School,Haigh Road,Rothwell,Leeds,LS26 0NQ,434188,428928,0113 214 6314,info@haighroad.org.uk,http://www.haighroadinfantschool.com,Miss S A Boulton,S,3,7,,,,,,,,,,,,,,,,
2506,Primary,Community,Rothwell Primary School,Carlton Lane,Rothwell,Leeds,LS26 0DJ,434074,427856,0113 386 2570,admin@rothwell-pri.leeds.sch.uk,http://www.rothwellprimary.co.uk/leeds/primary/rothwell,Ms J Booth,S,3,11,0.372,1.1,,,23,,6,16,,,,,,,,
3364,Primary,Voluntary Aided,Rothwell St Mary’s Catholic Primary School,Royds Lane,Rothwell,Leeds,LS26 0BJ,434739,427870,0113 214 6313, head@rothwellstmarys.org.uk,http://www.rothwell-st-marys.leeds.sch.uk/homepage/index.php,Ms S Leonard,S,4,11,,,,,,,,,,,,,,,,
2342,Junior,Community,Rothwell Victoria Junior School,Cornwall Crescent,Off Wood Lane,Leeds,LS26 0RA,433801,428742,0113 393 2926,admin@victoria-jun.leeds.sch.uk,http://www.rothwellvictoriajunior.co.uk/,Mrs P Ward,S,7,11,,,,,,,,,,,,,,,,
4063,Secondary (Through School),Community,Roundhay School – All-through education from 4 to 18 Primary Campus,Elmete Lane,,Leeds,LS8 2LG,432314,437265,0113 393 1207,primary@roundhay.leeds.sch.uk,http://www.roundhayschool.org.uk/,Head Mr N Clephan Primary Leader Kirsty Godfrey,NE,4,18,0.776,0.525,4,,30,,20,3,3,,,,,,,
4063,Secondary (Through School),Community,Roundhay School –All-through education from 4 to 18 Secondary Campus,Gledhow Lane,,Leeds,LS8 1ND,432314,437265,0113 393 1200,secondary@roundhayschool.com,http://www.roundhayschool.org.uk,Mr N Clephan BA MA Ad DipEd Man,NE,4,18,,,,,,,,,,4,108,,,6,132,
4063,Through School,Community,"Roundhay School All-through education from 4 to 18
",Primary Campus,Elmete Lane,Leeds,LS8 2LG,4323140,4372650,0113 393 1207,secondary@roundhayschool.com,www.roundhayschool.org.uk,Mr N Clephan,NE,4,18,0.367,,3,,38,,19,,,,,,,,,
3329,Primary,Voluntary Aided,Roundhay St John’s Church of England Primary School,North Lane,,Leeds,LS8 2QJ,433286,436924,0113 265 8451,admin@roundhaystjohns.com,http://www.roundhay-st-johns.leeds.sch.uk,Mr A Graham,NE,3,11,,,,,,,,,,,,,,,,
4104,Secondary,Academy,Royds School Specialist Language College,Pennington Lane,Oulton,Leeds,LS26 8EX,435783,426896,0113 205 9559,info@roydsschool.org,http://www.roydsschool.org,Mrs B Young MA NPQH,S,11,18,,,,,,,,,,,,,19,1,55,
2002,Primary,Community,Rufford Park Primary School,Rufford Avenue,Yeadon,Leeds,LS19 7QR,420856,440827,0113 391 0906,admin@ruffordparkprimary.org.uk,http://www.ruffordparkprimary.org.uk/,Mrs A Anslow,NW,4,11,,,,,,,,,,,,,,,,
4067,Secondary,Academy,Ruth Gorse Academy,C/O Fountain Street,Morley,Leeds,LS27 0PD,430600,432810,0113 253 1600,info@ruthgorse.leeds.sch.uk,http://www.ruthgorse.leeds.sch.uk,John Townlsey,S,11,19,,,,,,,,,,,,,,,,
2016,Primary,Academy,Ryecroft Primary School,Stonebridge Grove,,Leeds,LS12 5AW,425279,432785,0113 263 2433,info@ryecroft.leeds.sch.uk,http://www.ryecroftprimaryschool.co.uk,Mr Midgley,W,3,11,,,,,,,,,,,,,,,,
3377,Primary,Voluntary Aided,Sacred Heart Catholic Primary School,Eden Way,,Leeds,LS4 2TF,426735,435150,0113 336 8003,office@sacredheartleeds.org.uk,http://www.sacredheart.leeds.sch.uk,Mrs C McDonald,NW,3,11,,,,,,,,,,,,,,,,
2275,Primary,Community,Scholes (Elmet) Primary School,Station Road,Scholes,Leeds,LS15 4BJ,437584,436787,0113 264 9149,sue.craggs@fsw.leeds.sch.uk,http://www.scholeselmet.leeds.sch.uk,Mrs P J Edwards,E,3,11,0.581,1.181,,,17,,9,14,,,,,,,,
2452,Primary,Community,Seacroft Grange Primary School,Moresdale Lane,,Leeds,LS14 6JR,434813,435120,0113 260 5385,head@seacroftgps.org.uk,http://www.seacroftgrange.leeds.sch.uk,Mr L Brown,E,4,11,0.433,1.23,,,12,,14,4,,,,,,,,
2293,Primary,Community,Seven Hills Primary School,Appleby Way ,Morley,Leeds,LS27 8LA,426722,427908,0113 252 7194,helen.robertshaw@seven-hillsschool.org.uk,http://www.sevenhillsmorley.org.uk,Mr R Catherall,S,3,11,0.582,0.827,1,,22,,27,10,,,,,,,,
2441,Primary,Community,Shadwell Primary School - Federated with Bramham Primary School,Main Street,,Leeds,LS17 8JF,434651,439633,0113 273 2729,k.mosley@shadwellprimary.org,http://www.shadwell.leeds.sch.uk/,Ms S J Pyatt,NE,4,11,1.567,,1,,11,,17,,1,,,,,,,
2462,Primary,Community,Shakespeare Primary School and Children’s Centre,Shakespeare Avenue,,Leeds,LS9 7HP,431666,434189,0113 336 8340,office@shakespeareleeds.org.uk,http://www.shakespeareleeds.org.uk,Mr J Gorton,E,3,11,0.326,0.303,1,,26,,21,7,,,,,,,,
2510,Primary,Community,Sharp Lane Primary School,Sharp Lane,,Leeds,LS10 4QE,431300,428200,0113 3783060,contact@sharplane.leeds.sch.uk,http://www.sharplane.leeds.sch.uk,Ms M Wilson,S,3,11,,,,,,,,,,,,,,,,
3929,Primary,Community,Shire Oak Church of England Primary School,Wood Lane,,Leeds,LS6 2DT,428139,436296,0113 275 5890,jackiev@shireoak.leeds.sch.uk,http://www.shireoakcofeprimaryschool.co.uk/,Ms J Devane,NW,4,11,0.256,,1,,22,,7,,,,,,,,,
6907,Secondary,Academy,South Leeds Academy,Old Run Road,,Leeds,LS10 2JU,430554,430003,0113 212 7147,info@tsla.org.uk,http://www.tsla.org.uk,Ms C Jones,S,11,18,,,,,,,,,,,,,70,56,,
2335,Primary,Foundation,Southroyd Primary School,Littlemore Crescent,Pudsey,Leeds,LS28 8AT,422273,432497,0113 3783020,kathryn.austwick@pudseysouthroyd.leeds.sch.uk,https://www.pudseysouthroyd.leeds.sch.uk/,Ms K Prior,W,3,11,0.485,0.786,2,,16,,37,4,,,,,,,,
2414,Primary,Community,Spring Bank Primary School,Spring Road,,Leeds,LS6 1AD,428049,435734,0113 204 3120,hello@springbankprimary.org,http://www.springbankprimary.org/,Mr M Brawley,NW,4,11,0.352,0.436,,,16,,10,4,,,,,,,,
3363,Primary,Academy,"Ss Peter and Paul Catholic Primary School, Yeadon",Crofters Lea,New Road,Leeds,LS19 7HW,419782,440930,0113 323 0419,ssppyeadon@yahoo.co.uk,http://www.sspeterandpaulyeadon.co.uk,Mrs D Todd,NW,4,11,,,,,,,,,,,,,,,,
3367,Primary,Voluntary Aided,"St Anthony’s Catholic Primary School, Beeston",Barkly Road,,Leeds,LS11 7JS,428925,430670,0113 277 6944,l.leonard@stanthonysleeds.org.uk,http://www.stanthonysbeeston.ik.org,Ms L Leonard,S,4,11,,,,,,,,,,,,,,,,
3368,Primary,Voluntary Aided,"St Augustine’s Catholic Primary School, Harehills",St Wilfrid's Circus,,Leeds,LS8 3PF,432610,435438,0113 293 0350,sheila.hebbron@staugustinesleeds.org.uk,http://www.staugustinesleeds.org.uk,Mrs S O’Brien,E,3,11,,,,,,,,,,,,,,,,
3056,Primary,Community,St Bartholomew’s Church of England Primary School,Strawberry Lane,,Leeds,LS12 1SF,427449,433123,0113 263 9292,p.gavin@stbartsleeds.org.uk,http://www.st-bartholomews.leeds.sch.uk,Mrs P Gavin,W,3,11,0.249,2.051,,,42,,13,20,,,,,,,,
3365,Primary,Academy,St Benedict’s Catholic Primary School,Station Fields,Garforth,Leeds,LS25 1PS,440719,433395,0113 286 9819,admin@sbcps.bkcat.co.uk,http://www.st-benedicts.leeds.sch.uk,Mr K Flood,E,3,11,,,,,,,,,,,,,,,,
3315,Primary,Voluntary Aided,St Chad’s Church of England Primary School,Northholme Avenue,,Leeds,LS16 5QR,426572,437467,0113 274 7110,katy.dixon@stchadsprimary.net,ttp://www.st-chads.leeds.sch.uk,Ms H Pratten,NW,3,11,,,,,,,,,,,,,,,,
3358,Primary,Voluntary Aided,St Edward’s Catholic Primary School,Westwood Way ,Boston Spa,Leeds,LS23 6DL,442626,445547,0193 784 3946,headteacher@st-edwards.leeds.sch.uk,http://www.st-edwards.leeds.sch.uk/,Mrs J Burns,S,4,11,,,,,,,,,,,,,,,,
3362,Primary,Voluntary Aided,"St Francis Catholic Primary School, Morley",Highcliffe Road,Morley,Leeds,LS27 9LX,425838,427894,0113 323 0554,j.whitfield@stfrancismorley.org.uk,http://www.stfrancismorley.org.uk/,Mrs J Burns,S,4,11,,,,,,,,,,,,,,,,
3371,Primary,Voluntary Aided,"St Francis of Assisi Catholic Primary School, Beeston",Lady Pit Lane,,Leeds,LS11 6RX,429902,431473,0113 270 0978,catherine.cartwright@beeston-st-francisassisi.leeds.sch.uk,www.beeston-st-francisassisi.leeds.sch.uk,Mrs P M Holmes,S,3,11,,,,,,,,,,,,,,,,
3374,Primary,Voluntary Aided,"St Joseph’s Catholic Primary School, Hunslet",Joseph Street,,Leeds,LS10 2AD,431083,431825,0113 271 2093,c.richardson@stjosephscatholicprimary.org,http://www.hunslet-st-josephs.leeds.sch.uk,Miss C McHale,S,4,11,,,,,,,,,,,,,,,,
3360,Primary,Academy,"St Joseph’s Catholic Primary School, Otley",Manor Square,Otley,Leeds,LS21 3AP,420059,445658,0194 346 3840,c.knight@stjosephsotley.org,ttp://www.stjosephsotley.org.uk,Ms C Knight,NW,4,11,,,,,,,,,,,,,,,,
3361,Primary,Academy,"St Joseph’s Catholic Primary School, Pudsey",Mount Pleasant Road,Pudsey,Leeds,LS28 7AZ,422613,433778,0113 256 5407,a.ashworth@stjosephspudsey.org,http://www.stjosephspudsey.org,Ms A Ashworth,W,4,11,,,,,,,,,,,,,,,,
3366,Primary,Voluntary Aided,"St Joseph’s Catholic Primary School, Wetherby",Barleyfields Road,Wetherby,Leeds,LS22 6PR,440104,448729,0193 758 2163,office@stjosephswetherby.com,http://www.stjosephswetherby.com,Mr S Nicholson,NE,4,11,,,,,,,,,,,,,,,,
3359,Primary,Voluntary Aided,"St Mary’s Catholic Primary School, Horsforth",Broadgate Lane,Horsforth,Leeds,LS18 5AB,424325,438276,0113 258 4593,office@stmaryshorsforth.org,http://www.stmaryshorsforth.org/,Mr P Hughes,NW,4,11,,,,,,,,,,,,,,,,
3047,Primary,Community,St Mary’s Church of England Primary School,Clifford Road,Boston Spa,Leeds,LS23 6DB,443034,445276,0193 784 4395,admin@stmaryscofe.org.uk,http://www.stmaryscofe.org.uk,Mrs J Alexander,NE,4,11,0.524,0.805,,,11,,8,5,,,,,,,,
4601,Secondary,Academy,St Mary’s Menston Catholic Voluntary Academy,Bradford Road,,Leeds,LS29 6AE,418002,443071,0194 388 3000,admin@stmarysmenston.org,http://www.stmarysmenston.org/,Mr T Rothwell and Miss C Garrett,NW,11,18,,,,,,,,,,,,,,,,
3908,Primary,Voluntary Aided,St Matthew’s Church of England Primary School,Wood Lane,,Leeds,LS7 3QF,430214,437336,0113 268 1489,headteacher@St-Matthews.leeds.sch.uk,http://www.st-matthews.leeds.sch.uk,Ms H Lacey,NE,4,11,,,,,,,,,,,,,,,,
3375,Primary,Voluntary Aided,St Nicholas Catholic Primary School,Oakwood Lane,,Leeds,LS9 6QY,433726,435213,0113 293 0318,wrightm@stnicholasprimaryleeds.org.uk,http://www.stnicholasprimaryleeds.org.uk,Mr P Lawson,E,4,11,,,,,,,,,,,,,,,,
3350,Junior,Voluntary Aided,St Oswald’s Church of England Junior School,The Green ,Guiseley,Leeds,LS20 9BT,419418,441882,0194 387 3570,office@stoswaldsleeds.org,http://www.stoswaldsleeds.org,Mrs M F Woodall,NW,7,11,,,,,,,,,,,,,,,,
3382,Primary,Voluntary Aided,St Patrick’s Catholic Primary School,Torre Road,,Leeds,LS9 7QL,432224,433886,0113 248 0380,s.kneeshaw@stpatrickleeds.org.uk,http://www.stpatricksleeds.org.uk,Mrs S Kneeshaw,E,4,11,,,,,,,,,,,,,,,,
3378,Primary,Voluntary Aided,St Paul’s Catholic Primary School,Buckstone Crescent,,Leeds,LS17 5ES,429219,439603,0113 293 9901,school.office@stpaulscps.org.uk,http://www.stpaulscps.com,Mrs M A Cabry,NE,4,11,,,,,,,,,,,,,,,,
3911,Primary,Voluntary Aided,St Peter’s Church of England Primary School,Cormwell Street,,Leeds,LS9 7SG,431045,433904,0113 293 4411,liz.holliday@stpeterscofe.org.uk,http://www.stpeterscofe.org.uk,Mrs E Holliday,E,3,11,,,,,,,,,,,,,,,,
3379,Primary,Voluntary Aided,St Philip’s Catholic Primary School Middleton,St Philip's Avenue,,Leeds,LS10 3SL,429965,428251,0113 271 6763,headteacher@st-philips.org,http://www.st-philips.org,Mrs E Taylor,S,3,11,,,,,,,,,,,,,,,,
3385,Primary,Voluntary Aided,St Theresa’s Catholic Primary School,Barwick Road,,Leeds,LS15 8RQ,436207,435508,0113 293 0240,headteacher@st-theresas.leeds.sch.uk,http://www.st-theresas.leeds.sch.uk/,Mr J Hutchinson,E,3,11,,,,,,,,,,,,,,,,
3373,Primary,Voluntary Aided,St Urban’s Catholic Primary School,Tongue Lane,,Leeds,LS6 4QD,429085,438227,0113 293 4477,info@sturbans.co.uk,http://www.sturbans.co.uk,Miss T McStay,NW,4,11,,,,,,,,,,,,,,,,
2490,Primary,Community,Stanningley Primary School,Leeds and Bradford Road,Stanningley,Leeds,LS28 6PE,422989,434899,0113 255 7677,jackie.reid@stanningleyprimary.com,http://www.stanningleyprimary.com/,Mrs J Reid,W,3,11,0.288,0.222,1,,17,,11,1,,,,,,,,
3917,Primary,Foundation,Strawberry Fields Primary School,Lidgett Lane,Garforth,Leeds,LS25 1LL,440124,432813,0113 386 2490,info@sfpsch.org.uk,http://www.strawberryfields.leeds.sch.uk,Mrs R Janney,E,3,11,,,,,,,,,,,,,,,,
2491,Primary,Community,Summerfield Primary School,Intake Lane,,Leeds,LS13 1DQ,422904,435301,0113 205 7520,vickerj03@schoolslink.net,http://www.summerfieldprimary.co.uk,Mrs K Wittmann,W,3,11,0.444,0.831,1,,12,,5,12,,,,,,,,
4037,Secondary,Foundation,Swallow Hill Community College (Academy),Whingate Road,,Leeds,LS12 3DS,425948,433283,0113 263 0110,contactus@swallowhillcommunitycollege.org,http://www.swallowhillcommunitycollege.org/,Saira Luffman,W,11,18,,,,,,,,,,,,,63,2,44,
2468,Primary,Community,Swarcliffe Primary School,Swarcliffe Drive,,Leeds,LS14 5JW,436253,436187,0113 293 0275,headteacher@swarcliffeprimary.co.uk,http://www.swarcliffeprimary.co.uk,Mrs D Rankine,E,3,11,,,,,,,,,,,,,,,,
2328,Primary,Foundation,Swillington Primary School,Church Lane,Swillington,Leeds,LS26 8DX,438416,430514,0113 286 3220,SPSHeadTeacher@brigshawtrust.com,http://www.swillington.leeds.sch.uk/,Mrs S Elliott,E,3,11,,,,,,,,,,,,,,,,
2503,Primary,Community,Swinnow Primary School,Swinnow Road,,Leeds,LS13 4PG,423143,433842,0113 214 6080,info@swinnowprimary.com,http://swinnow.leedsschools.org,Mrs A Chin,W,3,11,0.308,0.433,,,14,,9,7,,,,,,,,
2432,Primary,Community,Talbot Primary School,East Moor Road,,Leeds,LS8 1AF,431892,438478,0113 293 4086,admin@talbotprimary.net,http://www.talbot.leeds.sch.uk,Mrs L Clay,NE,3,11,0.68,0.848,1,,31,,46,12,,,,,,,,
9999,Primary,Academy,Temple Learning Academy,"Pure Offices, 4100 Park Approach",Thorpe Arch,Leeds,LS15 8GB,#N/A,#N/A,0113 2645456,info@templelearningacademy.org,http://www.templelearningacademy.org/,Martin Fleetwood,E,4,16,,,,,,,,,,,,,,,,
4046,Secondary,Foundation,Temple Moor High School,Field End Grove,Selby Road,Leeds,LS15 0PT,435583,433486,0113 390 0770,contact@tmhs.co.uk,http://www.tmhs.co.uk,Mr M Fleetwood,E,11,18,,,,,,,,,,5,112,5,,6,82,
2465,Primary,Foundation,Templenewsam Halton Primary School (Foundation),Pinfold Lane,,Leeds,LS15 7SY,435373,433682,0113 293 0314,info@templenewsamhalton.leeds.sch.uk,http://www.templenewsamhalton.leeds.sch.uk/,Mrs K Patel,E,3,11,0.554,0.676,,,21,,23,14,,,,,,,,
3044,Primary,Community,Thorner Church of England Primary School,Kirkhills,Thorner ,Leeds,LS14 3JD,438241,440549,0113 289 2541,office@thornerschool.org.uk,http://www.thorner.leeds.sch.uk,Mrs Whawell,NE,4,11,,,,,,,,,,,,,,,,
2312,Primary,Community,Thorpe Primary School,Dolphin Lane,Thorpe,Wakefield,WF3 3DG,431438,426527,0113 336 8760,jeannette.mccormack@thorpe.leeds.sch.uk,http://www.thorpe.leeds.sch.uk,Mr S McCarthy,S,3,11,0.204,,,,22,,8,,,,,,,,,
2348,Primary,Foundation,Tranmere Park Primary School,"Ridge Close, Tranmere Park",Guiseley,Leeds,LS20 6JJ,418069,441733,0194 387 5050,secretary@tranmerepark.leeds.sch.uk,http://www.tranmerepark.leeds.sch.uk,Mrs K Finley,NW,4,11,0.264,,1,,32,,12,,,,,,,,,
3928,Primary,Community,Valley View Community Primary School,Coal Hill Drive,Rodley,Leeds,LS13 1DD,422593,435580.4,0113 255 4972,office@valleyviewschool.org.uk,http://www.valleyview-pri.leeds.sch.uk,Mrs S Griggs,W,4,11,0.752,0.408,,,38,,18,4,,,,,,,,
2454,Primary,Academy,Victoria Primary Academy,Ivy Avenue,,Leeds,LS9 9ER,432906,433851,0113 248 2449,victoria-primary.eschools.co.uk,http://www.victoria-pri.leeds.sch.uk,Mrs A Carrick,E,3,11,0.443,0.391,,,35,,23,2,,,,,,,,
2421,Primary,Foundation,Weetwood Primary School,Weetwood Lane,,Leeds,LS16 5NW,427550,437083,0113 336 8040,kmason@weetwoodprimary.co.uk,http://www.weetwoodschool.co.uk,Mrs T Wyatt,NW,3,11,0.247,,2,,17,,10,,1,,,,,,,
2364,Primary,Community,Westbrook Lane Primary School,Westbrook Lane,Horsforth,Leeds,LS18 5AH,423681,439042,0113 258 7913,info@westbrooklane.leeds.sch.uk,http://www.westbrooklaneprimaryschool.co.uk/,Mrs A Turner (Acting),NW,4,11,0.587,0.348,,,15,,14,1,,,,,,,,
2297,Primary,Community,Westerton Primary School,Hesketh Lane,Tingley,Wakefield,WF3 1AR,427853,425395,0113 253 3504,office@westerton.org.uk,http://www.westerton.leeds.sch.uk,Mrs S Makin,S,3,11,0.824,0.892,1,,40,,25,24,,,,,,,,
2403,Primary,Community,Westgate Primary School,Scarborough Road,Otley,Leeds,LS21 3JS,419646,445273,0194 346 2349,info@westgateprimary.co.uk,http://www.westgateprimary.co.uk,Ms H R Carpenter,NW,3,11,0.879,0.794,1,1,9,,18,1,,,,,,,,
2478,Primary,Community,Westwood Primary School (Foundation),Bodmin Garth,,Leeds,LS10 4NU,429365,427958,0113 271 2420,Westwood@westwoodandclapgate.org,http://www.westwood.leeds.sch.uk,Mrs Z Adams,S,3,11,0.399,0.658,,,20,,14,6,,,,,,,,
4111,Secondary,Foundation,Wetherby High School (Foundation),Hallfield Lane,Wetherby,Leeds,LS22 6JS,440756,448333,0193 752 2500,office@wetherbyhigh.co.uk,http://www.wetherbyhigh.co.uk,Ms A K Barnes,NE,11,18,,,,,,,,,,,,,,,46,
3045,Primary,Community,Wetherby St James’ Church of England Primary School,Hallfield Lane,Wetherby,Leeds,LS22 6JS,440881,448500,0193 758 3379,stjames@aol.com,http://wetherbystjames.schooljotter2.com/,Mr D Walsh,NE,3,11,,,,,,,,,,,,,,,,
2493,Primary,Community,Whingate Primary School,Whingate Road,,Leeds,LS12 3DS,426193,433126,0113 263 8910,secretary@whingate.com,http://www.whingate.leeds.sch.uk,Mr S Myers,W,3,11,,,,,,,,,,,,,,,,
3912,Primary,Voluntary Aided,Whinmoor St Paul’s Church of England Primary School,Whinmoor Crescent,,Leeds,LS14 1EG,435417,437957,0113 265 7250,secretary@whinmoorstpauls.co.uk,http://www.whinmoorstpauls.co.uk,Mrs S Storey,E,3,11,,,,,,,,,,,,,,,,
2456,Primary,Foundation,White Laith Primary School,Naburn Drive,,Leeds,LS14 2BL,436059,437348,0113 293 0280,secretary@whitelaith.leeds.sch.uk,http://www.whitelaith.leeds.sch.uk,Mrs N Sheerin,E,3,11,,,,,,,,,,,,,,,,
2494,Primary,Community,Whitecote Primary School,Wellington Grove,,Leeds,LS13 2LQ,424627,435759,0113 216 4800,office@whitecote.co.uk,http://www.whitecote.leeds.sch.uk,Ms K Allan,W,3,11,0.362,0.288,1,,30,,27,2,,,,,,,,
2466,Primary,Foundation,Whitkirk Primary School,Templegate Walk,,Leeds,LS15 0EU,435969,433154,0113 260 6203,headteacher@whitkirk.leeds.sch.uk,http://www.whitkirk.org/,Mr S Clark,E,4,11,0.476,1.305,,,24,,12,24,,,,,,,,
2390,Primary,Community,Wigton Moor Primary School,Barfield Crescent,,Leeds,LS17 8RU,431854,440111,0113 268 2341,office@wigtonmoor.leeds.sch.uk,http://www.wigtonmoor.leeds.sch.uk,Mrs Bown,NE,4,11,0.607,,,,31,,29,,,,,,,,,
2471,Primary,Community,Windmill Primary School,Windmill Road,,Leeds,LS10 3HQ,431035,429587,0113 271 2115,lisalockey@musicfederation.co.uk,http://www.musicfederation.co.uk,Mrs S Sumpner,S,4,11,,,,,,,,,,,,,,,,
4105,Secondary,Academy,Woodkirk Academy,Rein Road,Tingley,Leeds,WF3 1JQ,427441,425968,0113 887 3600,headteacher@woodkirk.leeds.sch.uk,http://www.woodkirkacademy.co.uk,Mr J B White,S,11,18,,,,,,,,,,,,,,,,
2008,Primary,Academy,Woodlands Primary Academy,Foundry Place,,Leeds,LS9 6DA,432643,435163,0113 240 7382,office@woodlands.leeds.sch.uk,http://www.woodlands.coop,Mr C Walton,E,3,11,,,,,,,,,,,,,,,,
2314,Primary,Community,Woodlesford Primary School,Church Street,Woodlesford,Leeds,LS26 8RD,436497,429133,0113 393 4416,info@woodlesford.leeds.sch.uk,http://www.woodlesford.leeds.sch.uk,Robin Scott,S,3,11,0.555,1.299,2,,27,,11,19,1,,,,,,,
2457,Primary,Community,Wykebeck Primary School,Brander Street,,Leeds,LS9 6QH,433640,434593,0113 249 1525,amy.lavin@wykebeckprimary.co.uk,http://www.wykebeck.leeds.sch.uk/,Ms J Millington,E,3,11,,,,,,,,,,,,,,,,
2358,Infant,Foundation,Yeadon Westfield Infant School,Westifield Grove ,Yeadon,Leeds,LS19 7NQ,419745,440827,0113 250 5449,head@westfieldinfants.co.uk,http://westfieldinfants.co.uk,Ms Lowry,NW,3,7,,,,,,,,,,,,,,,,
2324,Junior,Foundation,Yeadon Westfield Junior School,New Road,Yeadon,Leeds,LS19 7HQ,419894,440961,0113 250 3395,office@yeadonwestfieldjuniorschool.co.uk,http://www.yeadonwestfield-jun.leeds.sch.uk,Ms Piotrowicz,NW,7,11,,,,,,,,,,,,,,,,
